<?xml version="1.0" encoding="UTF-8"?>
<!DOCTYPE suite SYSTEM "https://testng.org/testng-1.0.dtd">
<suite name="Suite30Apr">
<listeners>
<listener class-name="ExtentReports.TestListener" />
</listeners>
  <test thread-count="5" name="SmokeTest">
    <parameter name="p_username" value="tomsmith"/>
    <parameter name="p_password" value="SuperSecretPassword!"/>
    <classes>
      <!-- This is a comment -->
      <class name="com.appname.Testcase.chkTitle"/>
      <class name="com.appname.Testcase.verifyapplogin"/>
      
      
    </classes>
  </test> <!-- Smoke Test -->
 </suite> 